<?xml version="1.0" encoding="UTF-8"?>
<metadata xml:lang="en"><Esri><CreaDate>20171012</CreaDate><CreaTime>11095300</CreaTime><ArcGISFormat>1.0</ArcGISFormat><ArcGISstyle>ISO 19139 Metadata Implementation Specification GML3.2</ArcGISstyle><SyncOnce>TRUE</SyncOnce><DataProperties><lineage><Process ToolSource="c:\program files (x86)\arcgis\desktop10.3\ArcToolbox\Toolboxes\Vestra Tools.tbx\CalculateAreaInAcres" Date="20171011" Time="194940">CalculateAreaInAcres EventPolygon Acres</Process></lineage><itemProps><itemLocation><linkage Sync="TRUE">file://\\gs.doi.net\DenverCO-g_gecsc\gecsc\Projects\GeoMAC\current_year\perimeter_current_year\incoming\jim\2017_10_12_Thurs_17_perims_CA\ca_tubbs_20171011_2300_dd83</linkage><protocol Sync="TRUE">Local Area Network</protocol></itemLocation></itemProps><copyHistory><copy source="C:\a1_load\reproject\ca_tubbs_20171011_2300_dd83" dest="\\gs.doi.net\DenverCO-g_gecsc\gecsc\Projects\GeoMAC\current_year\perimeter_current_year\incoming\jim\2017_10_12_Thurs_17_perims_CA\ca_tubbs_20171011_2300_dd83" date="20171012" time="11095300"></copy></copyHistory></DataProperties></Esri></metadata>
