<?xml version="1.0" encoding="UTF-8"?>
<metadata xml:lang="en"><Esri><CreaDate>20171011</CreaDate><CreaTime>10413100</CreaTime><ArcGISFormat>1.0</ArcGISFormat><ArcGISstyle>ISO 19139 Metadata Implementation Specification GML3.2</ArcGISstyle><SyncOnce>TRUE</SyncOnce><DataProperties><itemProps><itemLocation><linkage Sync="TRUE">file://\\gs.doi.net\DenverCO-g_gecsc\gecsc\Projects\GeoMAC\current_year\perimeter_current_year\incoming\jim\2017_10_11_wednes_23_perims_CA\ca_tubbs_20171010_1600_dd83</linkage><protocol Sync="TRUE">Local Area Network</protocol></itemLocation></itemProps><copyHistory><copy source="C:\a1_load\reproject\ca_tubbs_20171010_1600_dd83" dest="\\gs.doi.net\DenverCO-g_gecsc\gecsc\Projects\GeoMAC\current_year\perimeter_current_year\incoming\jim\2017_10_11_wednes_23_perims_CA\ca_tubbs_20171010_1600_dd83" date="20171011" time="10413100"></copy></copyHistory></DataProperties></Esri></metadata>
