<?xml version="1.0" encoding="UTF-8"?>
<metadata xml:lang="en"><Esri><CreaDate>20171011</CreaDate><CreaTime>10413100</CreaTime><ArcGISFormat>1.0</ArcGISFormat><SyncOnce>TRUE</SyncOnce><DataProperties><lineage><Process Name="Create Heat Perimeter" ToolSource="c:\program files (x86)\arcgis\desktop10.2\ArcToolbox\Toolboxes\Data Management Tools.tbx\CreateFeatureclass" Date="20171010" Time="220509">CreateFeatureclass "C:\Infrared\FY2017\Central LNU Complex\IR_Products\20171011" 20171010_2139_CentralLNUComplex_HeatPerimeter POLYGON # DISABLED DISABLED # # 0 0 0</Process><Process Name="Define Projection" ToolSource="c:\program files (x86)\arcgis\desktop10.2\ArcToolbox\Toolboxes\Data Management Tools.tbx\DefineProjection" Date="20171010" Time="220509">DefineProjection "C:\Infrared\FY2017\Central LNU Complex\IR_Products\20171011\20171010_2139_CentralLNUComplex_HeatPerimeter.shp" PROJCS['NAD_1983_California_Teale_Albers',GEOGCS['GCS_North_American_1983',DATUM['D_North_American_1983',SPHEROID['GRS_1980',6378137.0,298.257222101]],PRIMEM['Greenwich',0.0],UNIT['Degree',0.0174532925199433]],PROJECTION['Albers'],PARAMETER['False_Easting',0.0],PARAMETER['False_Northing',-4000000.0],PARAMETER['Central_Meridian',-120.0],PARAMETER['Standard_Parallel_1',34.0],PARAMETER['Standard_Parallel_2',40.5],PARAMETER['Latitude_Of_Origin',0.0],UNIT['Meter',1.0]]</Process><Process Name="Add 'GIS_Acres' Field" ToolSource="c:\program files (x86)\arcgis\desktop10.2\ArcToolbox\Toolboxes\Data Management Tools.tbx\AddField" Date="20171010" Time="220509">AddField "C:\Infrared\FY2017\Central LNU Complex\IR_Products\20171011\20171010_2139_CentralLNUComplex_HeatPerimeter.shp" GIS_Acres FLOAT # # # # NON_NULLABLE NON_REQUIRED #</Process><Process Name="Append" ToolSource="c:\program files (x86)\arcgis\desktop10.2\ArcToolbox\Toolboxes\Data Management Tools.tbx\Append" Date="20171010" Time="220509">Append 'C:\Infrared\FY2017\Central LNU Complex\IR_Products\20171011\Starting Point Perimeter.shp' "C:\Infrared\FY2017\Central LNU Complex\IR_Products\20171011\20171010_2139_CentralLNUComplex_HeatPerimeter.shp" NO_TEST "GIS_Acres "GIS_Acres" true false false 0 Float 0 0 ,First,#" #</Process></lineage><itemProps><itemLocation><linkage Sync="TRUE">file://\\gs.doi.net\DenverCO-g_gecsc\gecsc\Projects\GeoMAC\current_year\perimeter_current_year\incoming\jim\2017_10_11_wednes_23_perims_CA\ca_tubbs_20171010_2139_dd83</linkage><protocol Sync="TRUE">Local Area Network</protocol></itemLocation></itemProps><copyHistory><copy source="C:\a1_load\reproject\ca_tubbs_20171010_2139_dd83" dest="\\gs.doi.net\DenverCO-g_gecsc\gecsc\Projects\GeoMAC\current_year\perimeter_current_year\incoming\jim\2017_10_11_wednes_23_perims_CA\ca_tubbs_20171010_2139_dd83" date="20171011" time="10413100"></copy></copyHistory></DataProperties></Esri></metadata>
